depth,name,tag,lcommit,timestamp,fixed_timestamp,depname,deptag,depcommit,deptimestamp,library_name,type,requirement,cve,baseSeverity,dups
1,spreadshirt/SpreadKit,1.1,f25e8a4769060625828d2c62f2990af5b4d59194,1375961579,1373053109,luisobo/Nocilla,0.6,1dcb80527db798bcb94056f6325c20369b42a1ca,1372293552,afnetworking/afnetworking,cocoapods,latest,CVE-2015-3996,MEDIUM,1
1,JaviLorbada/JLTMDbClient,0.4.0,d251cbf400ed49cafce9f14f69100496b4640e82,1455647566,1420714108,JaviLorbada/JLTMDbClient,0.2.0,8bb4d0b711f308f6a68b956688ab97f144c08098,1395780033,afnetworking/afnetworking,cocoapods,latest,CVE-2015-3996,MEDIUM,1
2,JaviLorbada/JLTMDbClient,0.4.0,d251cbf400ed49cafce9f14f69100496b4640e82,1455647566,1420714108,JaviLorbada/JLTMDbClient,0.2.0,8bb4d0b711f308f6a68b956688ab97f144c08098,1395780033,afnetworking/afnetworking,cocoapods,latest,CVE-2015-3996,MEDIUM,1
1,klaaspieter/APIClient,0.1.3,030f60e6ff36aea77156987ee30fc53edc480f3b,1428981715,1428637843,klaaspieter/APIClient,0.1.1,f0b55b4b3ff1088cc273684a5b74031cfc989dda,1422319059,swisspol/gcdwebserver,cocoapods,latest,CVE-2019-14924,HIGH,1
2,klaaspieter/APIClient,0.1.3,030f60e6ff36aea77156987ee30fc53edc480f3b,1428981715,1428637843,klaaspieter/APIClient,0.1.1,f0b55b4b3ff1088cc273684a5b74031cfc989dda,1422319059,swisspol/gcdwebserver,cocoapods,latest,CVE-2019-14924,HIGH,1
1,klaaspieter/APIClient,0.1.3,030f60e6ff36aea77156987ee30fc53edc480f3b,1428981715,1428637843,klaaspieter/APIClient,0.1.1,f0b55b4b3ff1088cc273684a5b74031cfc989dda,1422319059,afnetworking/afnetworking,cocoapods,latest,CVE-2015-3996,MEDIUM,1
2,klaaspieter/APIClient,0.1.3,030f60e6ff36aea77156987ee30fc53edc480f3b,1428981715,1428637843,klaaspieter/APIClient,0.1.1,f0b55b4b3ff1088cc273684a5b74031cfc989dda,1422319059,afnetworking/afnetworking,cocoapods,latest,CVE-2015-3996,MEDIUM,1
0,leonardvandriel/Spati,0.2.3,0a39833fdc29ac72fa4d865ec09376faf26e1a0b,1454363940,1429537293,AFNetworking/AFNetworking,2.4.1,58ca2e9ba0dd03fd158695a426df3e2b475d1c8d,1409852837,afnetworking/afnetworking,cocoapods,latest,CVE-2015-3996,MEDIUM,1
0,luisobo/Nocilla,0.11.0,d20e91abc54331f9f476f5ba9ae07d676b0b752e,1469553692,1429537293,AFNetworking/AFNetworking,2.4.1,58ca2e9ba0dd03fd158695a426df3e2b475d1c8d,1409852837,afnetworking/afnetworking,cocoapods,latest,CVE-2015-3996,MEDIUM,2
0,maruipp/NSObject-Network,0.1.2,1a6c13ad725c700a2e46f57d60a9ca4facd3d431,1462347640,1429537293,AFNetworking/AFNetworking,2.4.1,58ca2e9ba0dd03fd158695a426df3e2b475d1c8d,1409852837,afnetworking/afnetworking,cocoapods,latest,CVE-2015-3996,MEDIUM,1
0,nerdishbynature/Nocilla,0.10.0,c8251035339da2a7216a10f2ee54d452994d4411,1431618882,1429537293,AFNetworking/AFNetworking,2.4.1,58ca2e9ba0dd03fd158695a426df3e2b475d1c8d,1409852837,afnetworking/afnetworking,cocoapods,latest,CVE-2015-3996,MEDIUM,1
0,alexnauda/GoldenFleece,v2.0.1,5c58dc91e29320fec44a17836474ecd4def6421b,1452040956,1429537293,AFNetworking/AFNetworking,1.3.3,9fd6fea0664627a45927475be2dedd3aaf7ddfb3,1380232203,afnetworking/afnetworking,cocoapods,latest,CVE-2015-3996,MEDIUM,1
0,meekan/meekan-objectivec-sdk,1.0.5,2e4487c693f552de1803015ea7d6a7fc964e5651,1432051647,1429537293,AFNetworking/AFNetworking,2.3.1,81d54e5192b8fe22e55a1d8a96c3236687dfd912,1402688067,afnetworking/afnetworking,cocoapods,latest,CVE-2015-3996,MEDIUM,1
0,ondalabs/OLImageView,1.5.1,c37e9c88986192d4146fb0067d1062964c7b2bb6,1445510235,1429537293,AFNetworking/AFNetworking,2.3.1,81d54e5192b8fe22e55a1d8a96c3236687dfd912,1402688067,afnetworking/afnetworking,cocoapods,latest,CVE-2015-3996,MEDIUM,1
0,triforkamsterdam/BrightcenterSDK-iOS-2.0,0.9.19,1a850272f7a07355a6b9d18ac44ad932dc8d865c,1442309803,1429537293,AFNetworking/AFNetworking,1.3.4,5266874bcc79c1afa627e590f982e50f6886f25f,1397595051,afnetworking/afnetworking,cocoapods,latest,CVE-2015-3996,MEDIUM,1
0,josipbernat/JBMessage,v1.1,0be75b4699b088c5a03867836ab7f04eddddc506,1433237074,1429537293,AFNetworking/AFNetworking,2.5.0,8ccc3f6d6c1e7ab5062de75ad43d10dba24177e7,1416236243,afnetworking/afnetworking,cocoapods,latest,CVE-2015-3996,MEDIUM,1
0,HiTask/watchtower,1.0.3,8038352867c434341e5d52914f23f88bedaede1c,1537935911,1429537293,AFNetworking/AFNetworking,1.3.2,4b79bd91ed3e53ca04e68314be1ecca60dc90683,1376001551,afnetworking/afnetworking,cocoapods,latest,CVE-2015-3996,MEDIUM,1
0,zhangwei100/LFNetworking,0.0.6,b70e2097d1215008cfc23d9572400cbfa9246bf8,1431071009,1429537293,AFNetworking/AFNetworking,2.5.1,4682b8c88ac003efaa9b2e97c05df1500a9d9a31,1423784169,afnetworking/afnetworking,cocoapods,latest,CVE-2015-3996,MEDIUM,1
0,metova/NDAudioSuite,2.1.1,c4b816dfeecac29a4bf0208ff6a54676f2e2cd5d,1490189170,1429537293,AFNetworking/AFNetworking,2.2.4,0f7ab0e4c009ed6908e8cb46f09049029cd1b80d,1399996334,afnetworking/afnetworking,cocoapods,latest,CVE-2015-3996,MEDIUM,2
0,wuwen1030/XTInfiniteScrollView,1.0.3,353a6772d642850e77844c4c3bcea77eae409b99,1471253065,1429537293,AFNetworking/AFNetworking,2.5.2,b0dd3d98346e98c9b1700ddd083559d7d4f15a68,1427408165,afnetworking/afnetworking,cocoapods,latest,CVE-2015-3996,MEDIUM,1
0,LoganWright/Polymer,0.1.6,34cb4a1da56441a33ea22256531cce8f144ea853,1432949872,1429537293,AFNetworking/AFNetworking,2.5.2,b0dd3d98346e98c9b1700ddd083559d7d4f15a68,1427408165,afnetworking/afnetworking,cocoapods,latest,CVE-2015-3996,MEDIUM,1
0,shaioz/AFNetworking-AutoRetry,v2.2.4,8a40cd2a4800b68f1cfb2385d9caf2bfda28c76f,1453819380,1429537293,AFNetworking/AFNetworking,2.2.3,c66282b09855bbf8f83cb0b49df69349a07134d9,1397861136,afnetworking/afnetworking,cocoapods,latest,CVE-2015-3996,MEDIUM,1
1,ZeroPush/ZeroPush-iOS,2.1.2,882922a6fa00d1b73d041e58c9dbb0888727f453,1460749467,1431618882,luisobo/Nocilla,0.9.0,4fbabbb913d32fe828724bfe792f008024ffd23a,1416089913,afnetworking/afnetworking,cocoapods,latest,CVE-2015-3996,MEDIUM,1
1,venmo/VENCore,v3.1.5,6455ec99c0917f155c9e081884a3380f79bcd906,1486517050,1431618882,luisobo/Nocilla,0.9.0,4fbabbb913d32fe828724bfe792f008024ffd23a,1416089913,afnetworking/afnetworking,cocoapods,latest,CVE-2015-3996,MEDIUM,1
2,No-Excuses/venmo-ios-sdk,v1.3.6,8e35163647feeab40e5ba936d4c04aba3c1b9d62,1566535625,1432918914,venmo/VENCore,v3.1.1,c15bede15ae28c28fc71d333d8b8e0655e6d4cfb,1426720470,afnetworking/afnetworking,cocoapods,latest,CVE-2015-3996,MEDIUM,1
1,LoganWright/PolymerSwift,0.2,ab9bf72d93ce156a978aab7c9d9258fc5d3a6d02,1432953473,1432949872,LoganWright/Polymer,0.1.5,81a1010cb4aeec3f1cce952d772f73380a572154,1429420908,afnetworking/afnetworking,cocoapods,latest,CVE-2015-3996,MEDIUM,1
1,JxbSir/JxbDebugTool,4.5,2d2a97bee43f58bcefd2ba93984d7df0e71eae68,1467289518,1452776779,JxbSir/JxbFramework,1.5,8aa22f507b3009da82ce2b2ee43bd9e79d6c0098,1438579072,afnetworking/afnetworking,cocoapods,latest,CVE-2015-3996,MEDIUM,1
2,QiuZhiFei/ZFSDLProxy,0.0.3,4ba8b28b91c6b14d91d5d4a4eb61a23c452019f6,1508146224,1456296737,JxbSir/JxbDebugTool,3.8,717e1c114d4da245241bf7d1f6b0c5098f9446a2,1453535511,afnetworking/afnetworking,cocoapods,latest,CVE-2015-3996,MEDIUM,1
2,JxbSir/JxbPhotoView_Swift,1.3,ce67a42b209941cf0047033f7833d0dbdfdf1bf7,1462346142,1461249061,onevcat/Kingfisher,2.2.2,c345a1197dbf33a068b07e56773b40b136174a53,1459952707,afnetworking/afnetworking,cocoapods,latest,CVE-2015-3996,MEDIUM,1
1,macoscope/GrandCentralBoard,1.0.2,a59469916ab2e82a4c7fe2131083065e1cc069cd,1465292810,1462468488,pvzig/SlackKit,1.0.2,79e59f23fb136e02a20d63aa87c4a7269680ee75,1461800028,daltoniam/starscream,cocoapods,==,CVE-2017-5887,HIGH,1
1,macoscope/GrandCentralBoard,1.0.2,a59469916ab2e82a4c7fe2131083065e1cc069cd,1465292810,1462468488,pvzig/SlackKit,1.0.2,79e59f23fb136e02a20d63aa87c4a7269680ee75,1461800028,daltoniam/starscream,cocoapods,==,CVE-2017-7192,HIGH,1
1,easyswift/kingfisher,3.2.1,ae33baa83c32c6b7967440ca30373df415cb0f0b,1478189188,1469553692,luisobo/Nocilla,0.10.0,c8251035339da2a7216a10f2ee54d452994d4411,1431618882,afnetworking/afnetworking,cocoapods,latest,CVE-2015-3996,MEDIUM,1
1,feedhenry/fh-ios-sdk,5.0.0,79c99608a10c69c5a26d228f1a9fe7dd8f81ddd4,1507735208,1469553692,luisobo/Nocilla,0.10.0,c8251035339da2a7216a10f2ee54d452994d4411,1431618882,afnetworking/afnetworking,cocoapods,latest,CVE-2015-3996,MEDIUM,1
1,No-Excuses/venmo-ios-sdk,v1.3.6,8e35163647feeab40e5ba936d4c04aba3c1b9d62,1566535625,1469553692,luisobo/Nocilla,0.10.0,c8251035339da2a7216a10f2ee54d452994d4411,1431618882,afnetworking/afnetworking,cocoapods,latest,CVE-2015-3996,MEDIUM,1
1,LootApp/Kingfisher,3.12.2.swift.3.2,89d4a3c2bff3aa591adba233ea0ffee3b7cc3d8d,1505580599,1469553692,luisobo/Nocilla,0.10.0,c8251035339da2a7216a10f2ee54d452994d4411,1431618882,afnetworking/afnetworking,cocoapods,latest,CVE-2015-3996,MEDIUM,1
2,Limon-O-O/KingfisherExtension,1.0.1,e91ca691b565be3f9f74c3f54f44ed16a8249ccc,1478160914,1474429515,onevcat/Kingfisher,3.0.1,7fdfda66cfcae8547d7047213eff0e8fd4954271,1473825377,afnetworking/afnetworking,carthage,latest,CVE-2015-3996,MEDIUM,1
2,JeanVinge/UICollectionViewToolsSwift,1.3,edb7711002d756c0095bd2f7de39896b8b10985c,1475597997,1475039086,onevcat/Kingfisher,3.1.0,901008845eafac52f1fef905459b473e455e85b1,1474429515,afnetworking/afnetworking,cocoapods,latest,CVE-2015-3996,MEDIUM,1
2,lijianwei-jj/SDCycleScrollView,2.0.2,5fb075f54d77252dd1f047eb99de084cf954a9bf,1509530608,1476415880,onevcat/Kingfisher,3.1.3,51067a0a2e9fa71d2f7dc90527b2ed4ec0d58b17,1475720763,afnetworking/afnetworking,cocoapods,latest,CVE-2015-3996,MEDIUM,1
2,thehung111/NHPhotosViewer,0.1.2,0c25d21ad9fd4007e19982e257b9b7a9cb8a46d1,1476929228,1476415880,onevcat/Kingfisher,3.1.3,51067a0a2e9fa71d2f7dc90527b2ed4ec0d58b17,1475720763,afnetworking/afnetworking,carthage,~>,CVE-2015-3996,MEDIUM,1
2,sanchew/SDCycleScrollView,2.0.2,5fb075f54d77252dd1f047eb99de084cf954a9bf,1509530608,1476415880,onevcat/Kingfisher,3.1.3,51067a0a2e9fa71d2f7dc90527b2ed4ec0d58b17,1475720763,afnetworking/afnetworking,cocoapods,latest,CVE-2015-3996,MEDIUM,1
2,liuqiang187/SwiftTaste,0.1.0,d6b6d5fa59d4ba84f6c38098b9a98ce4736ed670,1478778580,1478490663,onevcat/Kingfisher,3.1.4,99afcd580acb0d0d0729038e6b1dc058e1e228a3,1476841843,afnetworking/afnetworking,cocoapods,latest,CVE-2015-3996,MEDIUM,1
2,vl4298/VLCardBaseCollectionView,0.2.0,c8da68f527e61ad5269126b2cc109f2186de3b4c,1480751996,1480641852,onevcat/Kingfisher,3.2.1,2a3a55183aea053642ccc7ef317b5252e62ce8a4,1479090676,afnetworking/afnetworking,cocoapods,latest,CVE-2015-3996,MEDIUM,1
0,izouxv/gRPC_FMWK,v1.0.2,1a70bfb452f95174e4388a4d11bdfae7b228a117,1490769013,1484171814,google/protobuf,v3.0.0,e8ae137c96444ea313485ed1118c5e43b2099cf1,1469655630,google/protobuf,cocoapods,latest,CVE-2015-5237,HIGH,1
2,00aney/THDPopup,0.0.6,4b2deb6cad07de412a965bda2b5452aebf9db968,1489592633,1488379734,onevcat/Kingfisher,3.5.0,5cfa0dd5c9fc48e1c31f574ad8eaa31a3a9d4003,1487689184,afnetworking/afnetworking,cocoapods,latest,CVE-2015-3996,MEDIUM,1
2,Ilhasoft/ISParseBind,1.0.3,58bf125dc178a5fcb49382d25ee61c3f2e467b62,1494253911,1490539573,onevcat/Kingfisher,3.5.2,54351b1e5340affb783531fad59af70fea06075f,1489067890,afnetworking/afnetworking,cocoapods,latest,CVE-2015-3996,MEDIUM,1
2,shinancao/ImageCycleScrollView,2.0,aaf34f22385f41cbc4cd2fcfbb56ed7595930ed1,1499411998,1499305642,onevcat/Kingfisher,3.10.2,ff8fb2207bd1e0476a4a459c01c92b6f4c9eab18,1497617283,afnetworking/afnetworking,carthage,~>,CVE-2015-3996,MEDIUM,1
2,James-swift/JMSImageCliped,1.0.3,ecf0404089448c16053107669a3f90f9e254e3ff,1504675945,1501074919,onevcat/Kingfisher,3.10.3,93eb4c43f1166ea79795155223a3e007fa97c49b,1499305642,afnetworking/afnetworking,cocoapods,latest,CVE-2015-3996,MEDIUM,1
2,YinSiQian/SQAutoScrollView,1.0.1,1704e6dbf61096f3b897a2fae273c70f2bea2e42,1508206627,1506570032,onevcat/Kingfisher,4.0.1,1864ad8384153174d8bb012ab4e20023e202fed5,1505446861,afnetworking/afnetworking,cocoapods,latest,CVE-2015-3996,MEDIUM,1
2,Alan881/AACarousel,1.1.1,da3777263d379c63c311302090a3d1ed1d5ed419,1538196896,1508204288,onevcat/Kingfisher,4.1.0,852d99c6a8bf3666302293a3c981c53705b510f9,1506570032,afnetworking/afnetworking,cocoapods,latest,CVE-2015-3996,MEDIUM,2
2,LvJianfeng/LLPhotoBrowser,1.1.0,e31275d597ee73d2c11299f968e4532432ba37cb,1510900950,1508600182,onevcat/Kingfisher,4.1.1,5596f2b16a389fde4555e1f7ed696b7f7db55549,1508204288,afnetworking/afnetworking,cocoapods,latest,CVE-2015-3996,MEDIUM,1
2,XLsn0w/XLsn0wKit_swift,1.1.2,35bcd605f8c23efc5ae0a4a47b0e26e0687b6d13,1526547961,1510929074,onevcat/Kingfisher,4.2.0,ca7c080aad438c548c4ff2c8d292741906c25458,1508600182,afnetworking/afnetworking,cocoapods,latest,CVE-2015-3996,MEDIUM,1
2,James-swift/JMSCycleScrollView,1.1.0,fb4bfe51b090c7e5711a8ee8a2593368e3cb2354,1511752314,1510929074,onevcat/Kingfisher,4.2.0,ca7c080aad438c548c4ff2c8d292741906c25458,1508600182,afnetworking/afnetworking,cocoapods,latest,CVE-2015-3996,MEDIUM,1
2,Darren-chenchen/ThemeStyleTools,1.0.5,625ef37f3585acac34e6158120c378557583d5ab,1512712141,1512440049,onevcat/Kingfisher,4.4.0,ed634c95438f8042265eb63935518047c435a4a6,1512132279,afnetworking/afnetworking,cocoapods,latest,CVE-2015-3996,MEDIUM,1
2,GitHubZebra/JCyclePictureView,1.0.4,35390ef414663a6fef904b85a8e45035978205a4,1550023297,1514375375,onevcat/Kingfisher,4.5.0,671ea38d92497e92c11d14e616ef87a84c5a5516,1512440049,afnetworking/afnetworking,cocoapods,latest,CVE-2015-3996,MEDIUM,1
2,square1-io/Square1-iOS-Network,1.0.3,69be9df64f8212ccb1a61e750bc15ab603d63225,1518628278,1518613586,onevcat/Kingfisher,4.6.1,2c07c7eee261c5504d17c6bfdad8e7eeef937d59,1514444639,afnetworking/afnetworking,cocoapods,latest,CVE-2015-3996,MEDIUM,1
2,adboco/Unsplasher-SDK,v1.2.1,9aa5fc59f0713b40fa512977470ed4f5128d25f4,1551437804,1518613586,onevcat/Kingfisher,4.6.1,2c07c7eee261c5504d17c6bfdad8e7eeef937d59,1514444639,afnetworking/afnetworking,cocoapods,latest,CVE-2015-3996,MEDIUM,1
2,TileImageTeamiOS/StorytellingKit,0.3.2.1,7dc815d60fc0cec5c4af1f9e0d095b19dc1dd406,1519477002,1518613586,onevcat/Kingfisher,4.6.1,2c07c7eee261c5504d17c6bfdad8e7eeef937d59,1514444639,afnetworking/afnetworking,cocoapods,latest,CVE-2015-3996,MEDIUM,1
2,TileImageTeamiOS/THTiledImageView,0.3.2.1,7dc815d60fc0cec5c4af1f9e0d095b19dc1dd406,1519477002,1518613586,onevcat/Kingfisher,4.6.1,2c07c7eee261c5504d17c6bfdad8e7eeef937d59,1514444639,afnetworking/afnetworking,cocoapods,latest,CVE-2015-3996,MEDIUM,1
2,GeorgeKyrylenko1998/ChatView,0.1.0,ba1943e95a1ff091a9ead14131c77c37690378b8,1532589943,1532537013,onevcat/Kingfisher,4.8.0,f48c1d9ccbe87e935babbe1d1b6688fe3b34f25b,1526350562,afnetworking/afnetworking,cocoapods,latest,CVE-2015-3996,MEDIUM,1
2,WangWenzhuang/ZKPlayer,0.6,332f0a4a9cd091c7f47b60c0fd58f6a036a94897,1537353438,1535989013,onevcat/Kingfisher,4.8.1,328e116445caabbbafa07a9e778e0b6482dac47b,1532537013,afnetworking/afnetworking,cocoapods,latest,CVE-2015-3996,MEDIUM,1
2,fankfank/FankMine,0.0.23,d7494377f257dd6a385d751fa6055945d741bd31,1555873521,1535989013,onevcat/Kingfisher,4.8.1,328e116445caabbbafa07a9e778e0b6482dac47b,1532537013,afnetworking/afnetworking,cocoapods,latest,CVE-2015-3996,MEDIUM,1
2,seasonZhu/ZDPictureViewerKit,0.0.3,99d2cf963b0cc801ab66dc34cbb3117a2b3326fd,1536552177,1535989013,onevcat/Kingfisher,4.8.1,328e116445caabbbafa07a9e778e0b6482dac47b,1532537013,afnetworking/afnetworking,cocoapods,latest,CVE-2015-3996,MEDIUM,1
2,liuheng368/HRCycleView,1.0.4,13b47f2fbefb79abda0e8ef1de277bb1adcdbacb,1602840925,1535989013,onevcat/Kingfisher,4.8.1,328e116445caabbbafa07a9e778e0b6482dac47b,1532537013,afnetworking/afnetworking,cocoapods,latest,CVE-2015-3996,MEDIUM,1
2,sahajata/violin,1.4.4,137000a6b5a02a8b8b04051d5472b1431e3109e5,1552292466,1537371407,onevcat/Kingfisher,4.9.0,4bb16157430e2106051d6da6562cac3f139516ac,1535989013,afnetworking/afnetworking,cocoapods,latest,CVE-2015-3996,MEDIUM,1
2,VipinTNK/ECGameSecure,1.3.6,689812d61ac0d74f41b3b55acd5ff941fc95dab1,1585381721,1537371407,onevcat/Kingfisher,4.9.0,4bb16157430e2106051d6da6562cac3f139516ac,1535989013,afnetworking/afnetworking,cocoapods,latest,CVE-2015-3996,MEDIUM,1
2,Z-JaDe/RxKingfisher,1.1.0,35d08e4eff795b83b28bb829bed107b9b620e39e,1538187882,1537371407,onevcat/Kingfisher,4.9.0,4bb16157430e2106051d6da6562cac3f139516ac,1535989013,afnetworking/afnetworking,cocoapods,latest,CVE-2015-3996,MEDIUM,1
2,5SMNOONMS5/Aletheia,1.0.9,bb600ccdfc42c0f064f516c25c42ddffe9edfc50,1581575379,1541256389,onevcat/Kingfisher,4.10.0,30123d4bf57ece3200fd728b44e7a673f4851163,1537371407,afnetworking/afnetworking,carthage,==,CVE-2015-3996,MEDIUM,2
2,creativedevs/cdbaseframework,0.0.5,05cf444a71bd9896f52de893884e2ce17255745c,1560518468,1541256389,onevcat/Kingfisher,4.10.0,30123d4bf57ece3200fd728b44e7a673f4851163,1537371407,afnetworking/afnetworking,cocoapods,latest,CVE-2015-3996,MEDIUM,1
2,coolboy-ccp/CCPCycleScrollView,1.0,e7ad6a3c46690135eb361023d511790cf1508cea,1545794194,1541256389,onevcat/Kingfisher,4.10.0,30123d4bf57ece3200fd728b44e7a673f4851163,1537371407,afnetworking/afnetworking,cocoapods,latest,CVE-2015-3996,MEDIUM,1
2,itswaqasali/WABaseFramework,0.0.5,8b9161ecbb27f506b5328ef2af8069b062a9101d,1555495610,1541256389,onevcat/Kingfisher,4.10.0,30123d4bf57ece3200fd728b44e7a673f4851163,1537371407,afnetworking/afnetworking,cocoapods,latest,CVE-2015-3996,MEDIUM,1
2,artifextechdev/Artifex-Showcase,1.0,69356848859905b4360aac615700b226ed7ae1cd,1556290262,1543333025,onevcat/Kingfisher,4.10.1,8b7ab6fb3d10c6d492c5a334dbb344607439a17c,1541256389,afnetworking/afnetworking,cocoapods,latest,CVE-2015-3996,MEDIUM,1
2,ReactiveCocoa/Loop,2.0.0,a03454662bfd068919048f345c2d22916ebb0ce9,1615227222,1543333025,onevcat/Kingfisher,4.10.1,8b7ab6fb3d10c6d492c5a334dbb344607439a17c,1541256389,afnetworking/afnetworking,cocoapods,latest,CVE-2015-3996,MEDIUM,1
2,ForAllKid/FKKit,1.0.9,d7597f04afe9e50f76298fa4fc3dd7bb591f7ced,1574233066,1543333025,onevcat/Kingfisher,4.10.1,8b7ab6fb3d10c6d492c5a334dbb344607439a17c,1541256389,afnetworking/afnetworking,cocoapods,latest,CVE-2015-3996,MEDIUM,1
2,DDwin/DDScrollBanner,0.0.9,ac368f43f07fd5a3a5e57db566c4456052bb1220,1569232581,1543333025,onevcat/Kingfisher,4.10.1,8b7ab6fb3d10c6d492c5a334dbb344607439a17c,1541256389,afnetworking/afnetworking,cocoapods,latest,CVE-2015-3996,MEDIUM,1
2,Babylonpartners/ReactiveFeedback,0.8.0,893a98fd4278257410b286a73fcd40ea46b6117b,1582710129,1543333025,onevcat/Kingfisher,4.10.1,8b7ab6fb3d10c6d492c5a334dbb344607439a17c,1541256389,afnetworking/afnetworking,cocoapods,latest,CVE-2015-3996,MEDIUM,2
2,babylonhealth/ReactiveFeedback,0.8.0,893a98fd4278257410b286a73fcd40ea46b6117b,1582710129,1543333025,onevcat/Kingfisher,4.10.1,8b7ab6fb3d10c6d492c5a334dbb344607439a17c,1541256389,afnetworking/afnetworking,cocoapods,latest,CVE-2015-3996,MEDIUM,1
2,sanchew/SLCore,0.1.2,5806fe7e47ea09cd3bf429ead8178175922ef3df,1587028070,1543333025,onevcat/Kingfisher,4.10.1,8b7ab6fb3d10c6d492c5a334dbb344607439a17c,1541256389,afnetworking/afnetworking,cocoapods,latest,CVE-2015-3996,MEDIUM,1
2,Constructor-io/constructorio-client-swift,v2.1.2,5a70fdf44215fbf963e2b2d13e11941aa66409e3,1631915261,1543333025,onevcat/Kingfisher,4.10.1,8b7ab6fb3d10c6d492c5a334dbb344607439a17c,1541256389,afnetworking/afnetworking,cocoapods,latest,CVE-2015-3996,MEDIUM,1
2,netcosports/Dioptra,5.1.15,4029055d27afcc2c998ed270b141f6c08fc7bb10,1626885900,1543333025,onevcat/Kingfisher,4.10.1,8b7ab6fb3d10c6d492c5a334dbb344607439a17c,1541256389,afnetworking/afnetworking,cocoapods,latest,CVE-2015-3996,MEDIUM,1
2,sanchew/Zombie,0.1.2,5806fe7e47ea09cd3bf429ead8178175922ef3df,1587028070,1543333025,onevcat/Kingfisher,4.10.1,8b7ab6fb3d10c6d492c5a334dbb344607439a17c,1541256389,afnetworking/afnetworking,cocoapods,latest,CVE-2015-3996,MEDIUM,1
2,omidgolparvar/IDExt,3.1.0,d306fc8ef77ebbe1c21ef839824023d66ea6975c,1562354969,1549892964,onevcat/Kingfisher,5.1.0,a50e979356501f75287688a24b6580dacabc218d,1547291560,afnetworking/afnetworking,cocoapods,latest,CVE-2015-3996,MEDIUM,1
2,wjiuxing/WJXOverlappedImagesView,0.0.2,bfda45b7394569d1d51d3f5206ec59cbea7e6c77,1556202383,1556114177,onevcat/Kingfisher,5.3.1,a128c69f3bae12d44189f29bc7313cae8b6eda1b,1553783633,afnetworking/afnetworking,cocoapods,latest,CVE-2015-3996,MEDIUM,1
2,NFDGIT/PHTools,0.0.1.5,e82229269e16a30ee7c8123eee09bd773f14b27c,1557996192,1556114177,onevcat/Kingfisher,5.3.1,a128c69f3bae12d44189f29bc7313cae8b6eda1b,1553783633,afnetworking/afnetworking,cocoapods,latest,CVE-2015-3996,MEDIUM,1
2,benjaminsnorris/AvatarView,v5.2,3704ecbb6f76bfc1a0c80713b8b4fa9b7b48f238,1561477655,1560180418,onevcat/Kingfisher,5.5.0,cbbec1b9439725962974d921ece2fd036439bdf6,1558019442,afnetworking/afnetworking,carthage,~>,CVE-2015-3996,MEDIUM,1
0,xpring-eng/XpringKit,v5.1.1,67b982152730a31b1d5bfa71729e42226fcddc04,1599007122,1564076837,grpc/grpc-swift,0.9.1,8eac348c1108e8acbe70e24970dc1fd3c384aad6,1562311906,grpc/grpc-swift,carthage,~>,CVE-2021-36155,HIGH,1
0,xpring-eng/XpringKit,v5.1.1,67b982152730a31b1d5bfa71729e42226fcddc04,1599007122,1564076837,grpc/grpc-swift,0.9.1,8eac348c1108e8acbe70e24970dc1fd3c384aad6,1562311906,grpc/grpc-swift,carthage,~>,CVE-2021-36154,HIGH,1
2,RxSwiftCommunity/RxKingfisher,2.1.0,5f195d1c9a21e3ca930d1bfef24335c8b752ea64,1622376906,1565489146,onevcat/Kingfisher,5.7.0,77eb31a683d4bbd9f877d3f363ecb76f9238aa73,1562161628,afnetworking/afnetworking,carthage,~>,CVE-2015-3996,MEDIUM,1
0,kperson/ApigatewaySigningAuthorizer,1.0.2,e0440ab5e2e0a3dbcd767d641c7f07a42c9b545f,1574538824,1569943140,vapor/vapor,3.3.1,92a58a9a84e4330500b99fe355a94d29f67abe58,1568806659,vapor/vapor,swiftpm,~>,CVE-2021-32742,CRITICAL,1
0,kperson/ApigatewaySigningAuthorizer,1.0.2,e0440ab5e2e0a3dbcd767d641c7f07a42c9b545f,1574538824,1569943140,vapor/vapor,3.3.1,92a58a9a84e4330500b99fe355a94d29f67abe58,1568806659,vapor/vapor,swiftpm,~>,CVE-2021-21328,MEDIUM,1
0,kperson/ApigatewaySigningAuthorizer,1.0.2,e0440ab5e2e0a3dbcd767d641c7f07a42c9b545f,1574538824,1569943140,vapor/vapor,3.3.1,92a58a9a84e4330500b99fe355a94d29f67abe58,1568806659,vapor/vapor,swiftpm,~>,CVE-2020-15230,MEDIUM,1
4,kperson/ApigatewaySigningAuthorizer,1.0.2,e0440ab5e2e0a3dbcd767d641c7f07a42c9b545f,1574538824,1569943140,vapor/vapor,3.3.1,92a58a9a84e4330500b99fe355a94d29f67abe58,1568806659,apple/swift-nio,swiftpm,~>,CVE-2019-9517,HIGH,1
4,kperson/ApigatewaySigningAuthorizer,1.0.2,e0440ab5e2e0a3dbcd767d641c7f07a42c9b545f,1574538824,1569943140,vapor/vapor,3.3.1,92a58a9a84e4330500b99fe355a94d29f67abe58,1568806659,apple/swift-nio,swiftpm,~>,CVE-2019-9518,HIGH,1
4,kperson/ApigatewaySigningAuthorizer,1.0.2,e0440ab5e2e0a3dbcd767d641c7f07a42c9b545f,1574538824,1569943140,vapor/vapor,3.3.1,92a58a9a84e4330500b99fe355a94d29f67abe58,1568806659,apple/swift-nio,swiftpm,~>,CVE-2019-9511,HIGH,1
4,kperson/ApigatewaySigningAuthorizer,1.0.2,e0440ab5e2e0a3dbcd767d641c7f07a42c9b545f,1574538824,1569943140,vapor/vapor,3.3.1,92a58a9a84e4330500b99fe355a94d29f67abe58,1568806659,apple/swift-nio,swiftpm,~>,CVE-2019-9513,HIGH,1
4,kperson/ApigatewaySigningAuthorizer,1.0.2,e0440ab5e2e0a3dbcd767d641c7f07a42c9b545f,1574538824,1569943140,vapor/vapor,3.3.1,92a58a9a84e4330500b99fe355a94d29f67abe58,1568806659,apple/swift-nio,swiftpm,~>,CVE-2019-9516,MEDIUM,1
4,kperson/ApigatewaySigningAuthorizer,1.0.2,e0440ab5e2e0a3dbcd767d641c7f07a42c9b545f,1574538824,1569943140,vapor/vapor,3.3.1,92a58a9a84e4330500b99fe355a94d29f67abe58,1568806659,apple/swift-nio,swiftpm,~>,CVE-2019-9514,HIGH,1
4,kperson/ApigatewaySigningAuthorizer,1.0.2,e0440ab5e2e0a3dbcd767d641c7f07a42c9b545f,1574538824,1569943140,vapor/vapor,3.3.1,92a58a9a84e4330500b99fe355a94d29f67abe58,1568806659,apple/swift-nio,swiftpm,~>,CVE-2019-9512,HIGH,1
4,kperson/ApigatewaySigningAuthorizer,1.0.2,e0440ab5e2e0a3dbcd767d641c7f07a42c9b545f,1574538824,1569943140,vapor/vapor,3.3.1,92a58a9a84e4330500b99fe355a94d29f67abe58,1568806659,apple/swift-nio,swiftpm,~>,CVE-2019-9515,HIGH,1
4,kperson/ApigatewaySigningAuthorizer,1.0.2,e0440ab5e2e0a3dbcd767d641c7f07a42c9b545f,1574538824,1569943140,vapor/vapor,3.3.1,92a58a9a84e4330500b99fe355a94d29f67abe58,1568806659,apple/swift-nio,swiftpm,~>,CVE-2018-4281,CRITICAL,1
2,kperson/ApigatewaySigningAuthorizer,1.0.2,e0440ab5e2e0a3dbcd767d641c7f07a42c9b545f,1574538824,1569943140,vapor/vapor,3.3.1,92a58a9a84e4330500b99fe355a94d29f67abe58,1568806659,apple/swift-nio-ssl,swiftpm,~>,CVE-2019-8849,CRITICAL,2
3,kperson/ApigatewaySigningAuthorizer,1.0.2,e0440ab5e2e0a3dbcd767d641c7f07a42c9b545f,1574538824,1569943140,vapor/vapor,3.3.1,92a58a9a84e4330500b99fe355a94d29f67abe58,1568806659,apple/swift-nio-ssl,swiftpm,~>,CVE-2019-8849,CRITICAL,1
4,kperson/vapor-lambda-adapter,1.0.2,8a4fbd1575dbac3d1d22f0e92b685d44d74a7c61,1610309762,1581971792,vapor/vapor,3.3.3,642f3d4d1f0eafad651c85524d0d1c698b55399f,1581805988,apple/swift-nio,swiftpm,~>,CVE-2019-9517,HIGH,1
4,kperson/vapor-lambda-adapter,1.0.2,8a4fbd1575dbac3d1d22f0e92b685d44d74a7c61,1610309762,1581971792,vapor/vapor,3.3.3,642f3d4d1f0eafad651c85524d0d1c698b55399f,1581805988,apple/swift-nio,swiftpm,~>,CVE-2019-9518,HIGH,1
4,kperson/vapor-lambda-adapter,1.0.2,8a4fbd1575dbac3d1d22f0e92b685d44d74a7c61,1610309762,1581971792,vapor/vapor,3.3.3,642f3d4d1f0eafad651c85524d0d1c698b55399f,1581805988,apple/swift-nio,swiftpm,~>,CVE-2019-9511,HIGH,1
4,kperson/vapor-lambda-adapter,1.0.2,8a4fbd1575dbac3d1d22f0e92b685d44d74a7c61,1610309762,1581971792,vapor/vapor,3.3.3,642f3d4d1f0eafad651c85524d0d1c698b55399f,1581805988,apple/swift-nio,swiftpm,~>,CVE-2019-9513,HIGH,1
4,kperson/vapor-lambda-adapter,1.0.2,8a4fbd1575dbac3d1d22f0e92b685d44d74a7c61,1610309762,1581971792,vapor/vapor,3.3.3,642f3d4d1f0eafad651c85524d0d1c698b55399f,1581805988,apple/swift-nio,swiftpm,~>,CVE-2019-9516,MEDIUM,1
4,kperson/vapor-lambda-adapter,1.0.2,8a4fbd1575dbac3d1d22f0e92b685d44d74a7c61,1610309762,1581971792,vapor/vapor,3.3.3,642f3d4d1f0eafad651c85524d0d1c698b55399f,1581805988,apple/swift-nio,swiftpm,~>,CVE-2019-9514,HIGH,1
4,kperson/vapor-lambda-adapter,1.0.2,8a4fbd1575dbac3d1d22f0e92b685d44d74a7c61,1610309762,1581971792,vapor/vapor,3.3.3,642f3d4d1f0eafad651c85524d0d1c698b55399f,1581805988,apple/swift-nio,swiftpm,~>,CVE-2019-9512,HIGH,1
4,kperson/vapor-lambda-adapter,1.0.2,8a4fbd1575dbac3d1d22f0e92b685d44d74a7c61,1610309762,1581971792,vapor/vapor,3.3.3,642f3d4d1f0eafad651c85524d0d1c698b55399f,1581805988,apple/swift-nio,swiftpm,~>,CVE-2019-9515,HIGH,1
4,kperson/vapor-lambda-adapter,1.0.2,8a4fbd1575dbac3d1d22f0e92b685d44d74a7c61,1610309762,1581971792,vapor/vapor,3.3.3,642f3d4d1f0eafad651c85524d0d1c698b55399f,1581805988,apple/swift-nio,swiftpm,~>,CVE-2018-4281,CRITICAL,1
0,mavlink/MAVSDK-Swift,0.50.0,39091dba5b7057504e5ac983793fa3908f3f6968,1638304779,1625489533,grpc/grpc-swift,1.1.0,f258d1cd8e8fcc97ebfaaf397e569be3d3fa91d6,1623153651,grpc/grpc-swift,swiftpm,>=,CVE-2021-36155,HIGH,1
0,Dronecode/DronecodeSDK-Swift,0.50.0,39091dba5b7057504e5ac983793fa3908f3f6968,1638304779,1625489533,grpc/grpc-swift,1.1.0,f258d1cd8e8fcc97ebfaaf397e569be3d3fa91d6,1623153651,grpc/grpc-swift,swiftpm,>=,CVE-2021-36155,HIGH,1
0,cnbleu/opentelemetry-swift,0.0.16,3e8fa8f23285d9773bdd8f1fdf552a1438a75a3a,1642064580,1625489533,grpc/grpc-swift,1.0.0,9e464a75079928366aa7041769a271fac89271bf,1612442642,grpc/grpc-swift,swiftpm,>=,CVE-2021-36155,HIGH,1
0,cnbleu/opentelemetry-swift,0.0.16,3e8fa8f23285d9773bdd8f1fdf552a1438a75a3a,1642064580,1625750444,grpc/grpc-swift,1.0.0,9e464a75079928366aa7041769a271fac89271bf,1612442642,grpc/grpc-swift,swiftpm,>=,CVE-2021-36154,HIGH,1
0,mavlink/MAVSDK-Swift,0.50.0,39091dba5b7057504e5ac983793fa3908f3f6968,1638304779,1625750444,grpc/grpc-swift,1.1.0,f258d1cd8e8fcc97ebfaaf397e569be3d3fa91d6,1623153651,grpc/grpc-swift,swiftpm,>=,CVE-2021-36154,HIGH,1
0,Dronecode/DronecodeSDK-Swift,0.50.0,39091dba5b7057504e5ac983793fa3908f3f6968,1638304779,1625750444,grpc/grpc-swift,1.1.0,f258d1cd8e8fcc97ebfaaf397e569be3d3fa91d6,1623153651,grpc/grpc-swift,swiftpm,>=,CVE-2021-36154,HIGH,1
0,mavlink/MAVSDK-Swift,0.50.0,39091dba5b7057504e5ac983793fa3908f3f6968,1638304779,1625750444,grpc/grpc-swift,1.1.0,f258d1cd8e8fcc97ebfaaf397e569be3d3fa91d6,1623153651,grpc/grpc-swift,swiftpm,>=,CVE-2021-36153,HIGH,1
0,Dronecode/DronecodeSDK-Swift,0.50.0,39091dba5b7057504e5ac983793fa3908f3f6968,1638304779,1625750444,grpc/grpc-swift,1.1.0,f258d1cd8e8fcc97ebfaaf397e569be3d3fa91d6,1623153651,grpc/grpc-swift,swiftpm,>=,CVE-2021-36153,HIGH,1
1,ca-dp/bucketeer-ios-sdk,v1.19.3,8c3b12c2d67fd090262bddaf113a72578762a66f,1635310199,1634200108,grpc/grpc-swift,1.5.0,580ba36aec6d96c4e93365e0e55197832853d9ea,1633595840,apple/swift-nio-extras,cocoapods,latest,CVE-2020-9840,HIGH,1
0,izouxv/gRPC_FMWK,v1.0.2,1a70bfb452f95174e4388a4d11bdfae7b228a117,1490769013,null,google/protobuf,v3.0.0,e8ae137c96444ea313485ed1118c5e43b2099cf1,1469655630,google/protobuf,cocoapods,latest,CVE-2021-22570,HIGH,1
0,lujiajing1126/AliyunLogObjc,1.2.0,a6c1b624fc4bc7b357293088091cbf69271632cb,1597820366,null,google/protobuf,v3.13.0,fde7cf7358ec7cd69e8db9be4f1fa6a5c431386a,1597443653,google/protobuf,cocoapods,latest,CVE-2021-22570,HIGH,2
0,soutaro/SMHTTPClient,0.1.0,9161cc091412578ecbf4c7503f21dd75e98e50e8,1448350689,null,swisspol/GCDWebServer,3.2.7,3c33e9f056e41adc97422c42d75d9388693e255e,1441900927,swisspol/gcdwebserver,cocoapods,latest,CVE-2019-14924,HIGH,1
0,MacPass/KeePassHTTPKit,1.3.1,1ce1b67e21bbff74e4298c3bc24cae56f03dd752,1544019800,null,swisspol/GCDWebServer,3.4.1,1a7dc913f12fcc3318b7163adc4f64de71206bee,1503308357,swisspol/gcdwebserver,carthage,==,CVE-2019-14924,HIGH,1
0,klaaspieter/APIClient,0.1.3,030f60e6ff36aea77156987ee30fc53edc480f3b,1428981715,null,swisspol/GCDWebServer,3.2.2,1a6786488a9acca5e8247d8f0309f57ac48ec612,1421343289,swisspol/gcdwebserver,cocoapods,latest,CVE-2019-14924,HIGH,1
0,smyrgl/RESTEasy,0.2.1,491e0586b9185b2ac8ec553387c677bdb29fa292,1398820697,null,swisspol/GCDWebServer,2.4,f01307b2a70ed43aaa6df40273524bec0e687e95,1398651951,swisspol/gcdwebserver,cocoapods,latest,CVE-2019-14924,HIGH,1
0,Lobster-King/IQUITestCodeMaker,1.0.0,e3675dfcf28f058b433361d68986f4d878d3f2b9,1534060929,null,swisspol/GCDWebServer,3.4.2,a5548938448c7a197996609c4b7d6592117b9d22,1509656462,swisspol/gcdwebserver,cocoapods,latest,CVE-2019-14924,HIGH,1
0,sdl/sdl-ios-sdk,0.1.0,fa859aa037ac8feff738aeb8d08d144b19662d0e,1395776613,null,AFNetworking/AFNetworking,2.2.1,d103c9401fba9e5ebe4f930fedc826dc0100d0a0,1394819410,afnetworking/afnetworking,cocoapods,latest,CVE-2015-3996,MEDIUM,1
0,nyankichi820/SonyCameraRemoteAPI,0.1.0,ce386223ffdedeb6850e3c27031396ddc9e7e99c,1397527534,null,AFNetworking/AFNetworking,2.2.1,d103c9401fba9e5ebe4f930fedc826dc0100d0a0,1394819410,afnetworking/afnetworking,cocoapods,latest,CVE-2015-3996,MEDIUM,1
0,liaojinxing/HybridBridge,1.1.1,e77ebc9947cfd9d1badfeb0ebbe90f66abd3b3e5,1395904342,null,AFNetworking/AFNetworking,2.2.1,d103c9401fba9e5ebe4f930fedc826dc0100d0a0,1394819410,afnetworking/afnetworking,cocoapods,latest,CVE-2015-3996,MEDIUM,1
0,moqod/disqus-ios,0.0.5,0dc4208e77d531ffc8e3138083d5d3a46629190d,1396265857,null,AFNetworking/AFNetworking,2.2.1,d103c9401fba9e5ebe4f930fedc826dc0100d0a0,1394819410,afnetworking/afnetworking,cocoapods,latest,CVE-2015-3996,MEDIUM,1
0,dancali/picky-ios,0.1.0,17e71f8871b0a1a253e94ccb1171385df763cd26,1396475724,null,AFNetworking/AFNetworking,2.2.1,d103c9401fba9e5ebe4f930fedc826dc0100d0a0,1394819410,afnetworking/afnetworking,cocoapods,latest,CVE-2015-3996,MEDIUM,1
0,deviantART/Objective-C-deviantART-SDK,1.0.4,411ec0fc77ed6cac039fae072236fbed0ca576d2,1395163181,null,AFNetworking/AFNetworking,2.2.1,d103c9401fba9e5ebe4f930fedc826dc0100d0a0,1394819410,afnetworking/afnetworking,cocoapods,latest,CVE-2015-3996,MEDIUM,1
0,pcantrell/Nocilla,0.9.0,4fbabbb913d32fe828724bfe792f008024ffd23a,1416089913,null,AFNetworking/AFNetworking,2.4.1,58ca2e9ba0dd03fd158695a426df3e2b475d1c8d,1409852837,afnetworking/afnetworking,cocoapods,latest,CVE-2015-3996,MEDIUM,1
0,AQAquamarine/aquasync-ios,v0.3.3,5031d932ee30c5a9a061def01f54665706b68126,1422541962,null,AFNetworking/AFNetworking,2.4.1,58ca2e9ba0dd03fd158695a426df3e2b475d1c8d,1409852837,afnetworking/afnetworking,cocoapods,latest,CVE-2015-3996,MEDIUM,1
0,rbaumbach/RealFakes,0.0.4,81ca627b91c0e642caf923716858b0268263872d,1416494578,null,AFNetworking/AFNetworking,2.4.1,58ca2e9ba0dd03fd158695a426df3e2b475d1c8d,1409852837,afnetworking/afnetworking,cocoapods,latest,CVE-2015-3996,MEDIUM,1
2,Dschee/Polyglot,0.5.0,a3f2598787b69300f515a918ce7c7c9154db208a,1448570676,null,ayanonagon/Polyglot,0.4.0,bdd0df54b05adba8b4892d0d4fa67d364d07b08f,1424673143,afnetworking/afnetworking,cocoapods,latest,CVE-2015-3996,MEDIUM,1
2,Jeehut/Polyglot,0.5.0,a3f2598787b69300f515a918ce7c7c9154db208a,1448570676,null,ayanonagon/Polyglot,0.4.0,bdd0df54b05adba8b4892d0d4fa67d364d07b08f,1424673143,afnetworking/afnetworking,cocoapods,latest,CVE-2015-3996,MEDIUM,1
2,ayanonagon/Polyglot,0.5.0,a3f2598787b69300f515a918ce7c7c9154db208a,1448570676,null,ayanonagon/Polyglot,0.4.0,bdd0df54b05adba8b4892d0d4fa67d364d07b08f,1424673143,afnetworking/afnetworking,cocoapods,latest,CVE-2015-3996,MEDIUM,1
3,Dschee/Polyglot,0.5.0,a3f2598787b69300f515a918ce7c7c9154db208a,1448570676,null,ayanonagon/Polyglot,0.4.0,bdd0df54b05adba8b4892d0d4fa67d364d07b08f,1424673143,afnetworking/afnetworking,cocoapods,latest,CVE-2015-3996,MEDIUM,1
3,Jeehut/Polyglot,0.5.0,a3f2598787b69300f515a918ce7c7c9154db208a,1448570676,null,ayanonagon/Polyglot,0.4.0,bdd0df54b05adba8b4892d0d4fa67d364d07b08f,1424673143,afnetworking/afnetworking,cocoapods,latest,CVE-2015-3996,MEDIUM,1
3,ayanonagon/Polyglot,0.5.0,a3f2598787b69300f515a918ce7c7c9154db208a,1448570676,null,ayanonagon/Polyglot,0.4.0,bdd0df54b05adba8b4892d0d4fa67d364d07b08f,1424673143,afnetworking/afnetworking,cocoapods,latest,CVE-2015-3996,MEDIUM,1
1,rbaumbach/RealFakes,0.0.4,81ca627b91c0e642caf923716858b0268263872d,1416494578,null,rbaumbach/SimpleOAuth2,0.0.3,46a0105be54ea13400560ffd463580c786ebac7e,1416151449,afnetworking/afnetworking,cocoapods,latest,CVE-2015-3996,MEDIUM,1
4,mrackwitz/MRProgress,0.8.3,acc4c848d78021e154736a5570efe7c57b15e70e,1451416238,null,mrackwitz/MRProgress,0.8.2,55498d24a9126a5a13e447465930d1bf58cd00aa,1431446811,afnetworking/afnetworking,cocoapods,latest,CVE-2015-3996,MEDIUM,1
2,mrackwitz/MRProgress,0.8.3,acc4c848d78021e154736a5570efe7c57b15e70e,1451416238,null,mrackwitz/MRProgress,0.8.2,55498d24a9126a5a13e447465930d1bf58cd00aa,1431446811,afnetworking/afnetworking,cocoapods,latest,CVE-2015-3996,MEDIUM,1
2,rbaumbach/RealFakes,0.0.4,81ca627b91c0e642caf923716858b0268263872d,1416494578,null,rbaumbach/SimpleOAuth2,0.0.3,46a0105be54ea13400560ffd463580c786ebac7e,1416151449,afnetworking/afnetworking,cocoapods,latest,CVE-2015-3996,MEDIUM,1
1,znly/analytics-ios,4.0.5-zenly,a8ff707af61fbc1aae77c714869280ed0d63a265,1599740269,null,luisobo/Nocilla,0.11.0,d20e91abc54331f9f476f5ba9ae07d676b0b752e,1469553692,afnetworking/afnetworking,cocoapods,latest,CVE-2015-3996,MEDIUM,1
1,xamoom/xamoom-ios-sdk,3.11.21,af6db7fcbb09590d8e21e90920b7f09046c36e5a,1618199129,null,luisobo/Nocilla,0.11.0,d20e91abc54331f9f476f5ba9ae07d676b0b752e,1469553692,afnetworking/afnetworking,cocoapods,latest,CVE-2015-3996,MEDIUM,1
1,ByteGain/bg-analytics-ios,4.1.0,1c027f309eed80c1ff06569f39bbcbaf7f5ff3c4,1559778879,null,luisobo/Nocilla,0.11.0,d20e91abc54331f9f476f5ba9ae07d676b0b752e,1469553692,afnetworking/afnetworking,cocoapods,latest,CVE-2015-3996,MEDIUM,1
1,Flatbook/analytics-ios,3.8.1,4d9d291e9f33afeb84a4bba25f1401f06de93f42,1550876125,null,luisobo/Nocilla,0.11.0,d20e91abc54331f9f476f5ba9ae07d676b0b752e,1469553692,afnetworking/afnetworking,cocoapods,latest,CVE-2015-3996,MEDIUM,1
1,PostHog/posthog-ios,1.4.4,d3177a24686ead147f5e4ff4d7e284ca4be33870,1637342428,null,luisobo/Nocilla,0.11.0,d20e91abc54331f9f476f5ba9ae07d676b0b752e,1469553692,afnetworking/afnetworking,cocoapods,latest,CVE-2015-3996,MEDIUM,1
1,freesuraj/analytics-ios,3.8.0,33d8b42989a375900a0d36b5574d0de99b65c5bb,1541126746,null,luisobo/Nocilla,0.11.0,d20e91abc54331f9f476f5ba9ae07d676b0b752e,1469553692,afnetworking/afnetworking,cocoapods,latest,CVE-2015-3996,MEDIUM,1
1,Karumi/BothamNetworking,4.0.2,6f652241c4b490f14c949ab0c1af95eb561be997,1548259239,null,luisobo/Nocilla,0.11.0,d20e91abc54331f9f476f5ba9ae07d676b0b752e,1469553692,afnetworking/afnetworking,cocoapods,latest,CVE-2015-3996,MEDIUM,1
1,jindulys/GithubPilot,1.1.11,f7dc780e88cc0cfac19ad2667c8dd20d9a67c225,1475961238,null,luisobo/Nocilla,0.11.0,d20e91abc54331f9f476f5ba9ae07d676b0b752e,1469553692,afnetworking/afnetworking,cocoapods,latest,CVE-2015-3996,MEDIUM,1
1,JettF/AmazonS3RequestManager-JettF,1.4.0,01cfe0ac2ee39d1549562562ac257efb4a20195e,1539287290,null,luisobo/Nocilla,0.11.0,d20e91abc54331f9f476f5ba9ae07d676b0b752e,1469553692,afnetworking/afnetworking,cocoapods,latest,CVE-2015-3996,MEDIUM,1
1,redbearder/Download-Manager,3.0.3,1a82d0fc866efaad069b2f5741bf3508f6611913,1496498468,null,luisobo/Nocilla,0.11.0,d20e91abc54331f9f476f5ba9ae07d676b0b752e,1469553692,afnetworking/afnetworking,cocoapods,latest,CVE-2015-3996,MEDIUM,1
1,resonate/analytics-ios,3.8.0-beta.2,cd919d39a3f3381af158bc1622d4e931d9dfd1db,1582254925,null,luisobo/Nocilla,0.11.0,d20e91abc54331f9f476f5ba9ae07d676b0b752e,1469553692,afnetworking/afnetworking,cocoapods,latest,CVE-2015-3996,MEDIUM,1
1,Popdeem/Popdeem-SDK-iOS,1.2.76,9382a81b8778b9be042006bc01cbbba3cfeee9a3,1592298412,null,luisobo/Nocilla,0.11.0,d20e91abc54331f9f476f5ba9ae07d676b0b752e,1469553692,afnetworking/afnetworking,cocoapods,latest,CVE-2015-3996,MEDIUM,1
1,theddnc/iModel,0.0.6,35d24854c49867cd57ad5b661e3e1ca88229de3b,1453485085,null,luisobo/Nocilla,0.10.0,c8251035339da2a7216a10f2ee54d452994d4411,1431618882,afnetworking/afnetworking,cocoapods,latest,CVE-2015-3996,MEDIUM,1
1,nifti/CinchKit,1.7.1,a9ef108f6ea289c176e6ba89792c6f49534bdaba,1453843357,null,luisobo/Nocilla,0.10.0,c8251035339da2a7216a10f2ee54d452994d4411,1431618882,afnetworking/afnetworking,cocoapods,latest,CVE-2015-3996,MEDIUM,1
1,3dna/nationbuilder-ios,1.3.1,9ec5f8fdd26ea1cc1d5537c46f51983a682aeaee,1458261783,null,luisobo/Nocilla,0.10.0,c8251035339da2a7216a10f2ee54d452994d4411,1431618882,afnetworking/afnetworking,cocoapods,latest,CVE-2015-3996,MEDIUM,1
1,nationbuilder/nationbuilder-ios,1.3.1,9ec5f8fdd26ea1cc1d5537c46f51983a682aeaee,1458261783,null,luisobo/Nocilla,0.10.0,c8251035339da2a7216a10f2ee54d452994d4411,1431618882,afnetworking/afnetworking,cocoapods,latest,CVE-2015-3996,MEDIUM,1
1,ayanonagon/Polyglot,0.5.0,a3f2598787b69300f515a918ce7c7c9154db208a,1448570676,null,luisobo/Nocilla,0.10.0,c8251035339da2a7216a10f2ee54d452994d4411,1431618882,afnetworking/afnetworking,cocoapods,latest,CVE-2015-3996,MEDIUM,1
1,Jeehut/Polyglot,0.5.0,a3f2598787b69300f515a918ce7c7c9154db208a,1448570676,null,luisobo/Nocilla,0.10.0,c8251035339da2a7216a10f2ee54d452994d4411,1431618882,afnetworking/afnetworking,cocoapods,latest,CVE-2015-3996,MEDIUM,1
1,Dschee/Polyglot,0.5.0,a3f2598787b69300f515a918ce7c7c9154db208a,1448570676,null,luisobo/Nocilla,0.10.0,c8251035339da2a7216a10f2ee54d452994d4411,1431618882,afnetworking/afnetworking,cocoapods,latest,CVE-2015-3996,MEDIUM,1
1,leomond/Kingfisher,2.2.0,dedfdf35c7a5a491f9a1b00051212e88e27d6cf5,1458787386,null,luisobo/Nocilla,0.10.0,c8251035339da2a7216a10f2ee54d452994d4411,1431618882,afnetworking/afnetworking,cocoapods,latest,CVE-2015-3996,MEDIUM,1
1,Jeroenbb94/Kingfisher,2.4.2,0aec8be023fd94d0b62479996130e9e807d68089,1468149471,null,luisobo/Nocilla,0.10.0,c8251035339da2a7216a10f2ee54d452994d4411,1431618882,afnetworking/afnetworking,cocoapods,latest,CVE-2015-3996,MEDIUM,1
1,jobinsjohn/Kingfisher,2.4.1,a7e256232a1a24d073c18f6eb1f56f0fde0b1564,1462856831,null,luisobo/Nocilla,0.10.0,c8251035339da2a7216a10f2ee54d452994d4411,1431618882,afnetworking/afnetworking,cocoapods,latest,CVE-2015-3996,MEDIUM,1
1,mallzee/Kingfisher,2.0.1,05018a2c0a4f9c8abafa76eb52dacd844204a342,1453967379,null,luisobo/Nocilla,0.10.0,c8251035339da2a7216a10f2ee54d452994d4411,1431618882,afnetworking/afnetworking,cocoapods,latest,CVE-2015-3996,MEDIUM,1
1,Swift-Kit/Kingfisher,2.0.1,05018a2c0a4f9c8abafa76eb52dacd844204a342,1453967379,null,luisobo/Nocilla,0.10.0,c8251035339da2a7216a10f2ee54d452994d4411,1431618882,afnetworking/afnetworking,cocoapods,latest,CVE-2015-3996,MEDIUM,1
1,gaurav1981/Kingfisher,2.1.0,828434d361c6c040ad372f34c78cc26492f11048,1457619991,null,luisobo/Nocilla,0.10.0,c8251035339da2a7216a10f2ee54d452994d4411,1431618882,afnetworking/afnetworking,cocoapods,latest,CVE-2015-3996,MEDIUM,1
1,developeryh/Kingfisher,2.4.0,0e9a6cac1fff469be605852da4075e5aaaba056e,1462371441,null,luisobo/Nocilla,0.10.0,c8251035339da2a7216a10f2ee54d452994d4411,1431618882,afnetworking/afnetworking,cocoapods,latest,CVE-2015-3996,MEDIUM,1
1,ResearchLove/Kingfisher,2.4.1,a7e256232a1a24d073c18f6eb1f56f0fde0b1564,1462856831,null,luisobo/Nocilla,0.10.0,c8251035339da2a7216a10f2ee54d452994d4411,1431618882,afnetworking/afnetworking,cocoapods,latest,CVE-2015-3996,MEDIUM,1
2,stubbornnessness/EasySwift,3.0.1.1,898647e4540bb89913530c6ae285db2cd8fa3397,1479392257,null,easyswift/kingfisher,3.2.1,ae33baa83c32c6b7967440ca30373df415cb0f0b,1478189188,afnetworking/afnetworking,carthage,latest,CVE-2015-3996,MEDIUM,1
2,wsj2012/EasyCycleView,1.0.0,3df62cde3c920492a075150d00f8501182d5a6ab,1547264666,null,onevcat/Kingfisher,5.0.1,3e1d881c7986861772868deada3281351600a4b4,1545058194,afnetworking/afnetworking,cocoapods,latest,CVE-2015-3996,MEDIUM,1
2,Wstunes/YufuUIComponents,0.0.1,a1132f3198729c77f0560541da30ef5d59fc6f9c,1522662671,null,onevcat/Kingfisher,4.6.4,daa8b5a778447d8abf31a8224b6d4bf7047cccc2,1521548252,afnetworking/afnetworking,cocoapods,latest,CVE-2015-3996,MEDIUM,1
2,visenze/visearch-widget-swift,0.4.0,9305dc0349c3426a659a764af1522fcf0a087332,1493277295,null,onevcat/Kingfisher,3.6.2,fdb9c436319d8a9960f86e532e27cd530091abe0,1491878690,afnetworking/afnetworking,carthage,~>,CVE-2015-3996,MEDIUM,1
2,LvJianfeng/LLCycleScrollView,1.6.0,649b04478fcdf88fef386e1311cb3e86f5c936b6,1560737190,null,onevcat/Kingfisher,5.6.0,51ed75ee097f3ed66ff716d3b8bedb68c2eafbac,1560180418,afnetworking/afnetworking,cocoapods,latest,CVE-2015-3996,MEDIUM,1
2,BrandonMA/SwifterUI,0.9.2,75984dadd59f37bd89966afecdf90870e898cb6a,1554742241,null,onevcat/Kingfisher,5.3.1,a128c69f3bae12d44189f29bc7313cae8b6eda1b,1553783633,afnetworking/afnetworking,cocoapods,latest,CVE-2015-3996,MEDIUM,1
2,ripplek/KKPhotoBrowser,0.1.0,59987e210607bbc8f832a2e420212f590c55bb89,1555315220,null,onevcat/Kingfisher,5.3.1,a128c69f3bae12d44189f29bc7313cae8b6eda1b,1553783633,afnetworking/afnetworking,cocoapods,latest,CVE-2015-3996,MEDIUM,1
2,HelloWinter/CDLoopDisplayBannerViewDemo,0.0.6,1e30a15514a0bd2d22abc22598bcf82adffaf4c4,1521170547,null,onevcat/Kingfisher,4.6.3,621c7e87f5f8eff21a807463a46778c5946fb45c,1519912603,afnetworking/afnetworking,cocoapods,latest,CVE-2015-3996,MEDIUM,1
2,jasnig/PhotoBrowser,0.1.0,61c40f1f545ad487cab10b1c56c0fa46ddcf16bf,1464155626,null,onevcat/Kingfisher,2.4.1,a7e256232a1a24d073c18f6eb1f56f0fde0b1564,1462856831,afnetworking/afnetworking,cocoapods,latest,CVE-2015-3996,MEDIUM,1
2,X-my/MYCycleScrollView,1.0.4,0b39e65e3fd248631e5ef34eb4c85127f7f9588d,1506051234,null,onevcat/Kingfisher,4.0.1,1864ad8384153174d8bb012ab4e20023e202fed5,1505446861,afnetworking/afnetworking,cocoapods,latest,CVE-2015-3996,MEDIUM,1
2,YuMengShuaii/JavaShopBaseEngine,0.1.6,4209085b70fa6f32ea5c7c3d6582cf1fe9c9d062,1529483439,null,onevcat/Kingfisher,4.8.0,f48c1d9ccbe87e935babbe1d1b6688fe3b34f25b,1526350562,afnetworking/afnetworking,cocoapods,latest,CVE-2015-3996,MEDIUM,1
2,XLsn0w/XLsn0wSwiftKit,1.0.1,90c3768edb1877ba7a24d02d2325a038938e941f,1526624915,null,onevcat/Kingfisher,4.8.0,f48c1d9ccbe87e935babbe1d1b6688fe3b34f25b,1526350562,afnetworking/afnetworking,cocoapods,latest,CVE-2015-3996,MEDIUM,1
2,chyo/HCKit-Swift,0.4.0,37a6f87a6cc91f5390e041c4543bd246ed9ece2b,1530776742,null,onevcat/Kingfisher,4.8.0,f48c1d9ccbe87e935babbe1d1b6688fe3b34f25b,1526350562,afnetworking/afnetworking,cocoapods,latest,CVE-2015-3996,MEDIUM,1
2,wangyongy/WYPhotoViewList,v1.0.1,932d5ea8836757702652d22d59b1d77bc66481b4,1527756324,null,onevcat/Kingfisher,4.8.0,f48c1d9ccbe87e935babbe1d1b6688fe3b34f25b,1526350562,afnetworking/afnetworking,cocoapods,latest,CVE-2015-3996,MEDIUM,1
2,lizhihui0215/PCCWFoundationSwift,0.0.1,7a2ef058edcdee1dc8938cf1f1a64cdf48fbc7ff,1527240217,null,onevcat/Kingfisher,4.8.0,f48c1d9ccbe87e935babbe1d1b6688fe3b34f25b,1526350562,afnetworking/afnetworking,cocoapods,latest,CVE-2015-3996,MEDIUM,1
2,gearmamn06/ApiReachable,0.1.4,1d293d2c0c8cb730910358b79e5d662aa6449076,1559361172,null,onevcat/Kingfisher,5.5.0,cbbec1b9439725962974d921ece2fd036439bdf6,1558019442,afnetworking/afnetworking,cocoapods,latest,CVE-2015-3996,MEDIUM,1
2,o0starshine0o/iOS-ArtSignPro_Sdk,v0.1.0,fa66c74005f125cd0164f0753a304eaffa42ab37,1481599465,null,onevcat/Kingfisher,3.2.2,c91e8c020c18a83dc7890b67bcc02b33a0b55f4a,1480641852,afnetworking/afnetworking,cocoapods,latest,CVE-2015-3996,MEDIUM,1
2,Hearsayer/YLPhotoBrowser,1.0.1,99a22a57c03b8829dbf1590e1258a4c983786f07,1488528308,null,onevcat/Kingfisher,3.5.1,5b6e4ae0f01a3f33d64cc0093968912d35bbf19f,1488379734,afnetworking/afnetworking,cocoapods,latest,CVE-2015-3996,MEDIUM,1
2,codewpf/WPFBannerView,0.5.1,4e9845b2477615dfaee9dd8c7c958628a895dccf,1568292089,null,onevcat/Kingfisher,5.7.1,f9e27dbd8a199abe9d08372a6354af7991e6486e,1565489146,afnetworking/afnetworking,cocoapods,latest,CVE-2015-3996,MEDIUM,1
2,Hearsayer/YLCycleScrollView,1.2.4,4e5d8d8c976885ec5a3a8d2175799a0d2a3a46ad,1491725798,null,onevcat/Kingfisher,3.6.1,17455e37e5e2c898ffc694d2b57b694a9bd08aa4,1491036940,afnetworking/afnetworking,cocoapods,latest,CVE-2015-3996,MEDIUM,1
2,vuto7722/MLKit,1.0.2,5c4ff770873ffd7eafbb0d3f0e30197b186f2176,1517999037,null,onevcat/Kingfisher,4.6.1,2c07c7eee261c5504d17c6bfdad8e7eeef937d59,1514444639,afnetworking/afnetworking,cocoapods,latest,CVE-2015-3996,MEDIUM,1
2,royliu1990/LAKit,0.0.4,eba23eebc223cde09a3a38fd1b79cb2ae3cca4d1,1517212954,null,onevcat/Kingfisher,4.6.1,2c07c7eee261c5504d17c6bfdad8e7eeef937d59,1514444639,afnetworking/afnetworking,cocoapods,latest,CVE-2015-3996,MEDIUM,1
2,kirayamato1989/KYPhotoBrowser,0.1.1,60909b083c1fc021562e183e4a6c11c30cedaf26,1495096803,null,onevcat/Kingfisher,3.9.1,89a56e6c0d5edf336981cdfebf2c2c5d747f23cf,1494629100,afnetworking/afnetworking,cocoapods,latest,CVE-2015-3996,MEDIUM,1
2,kunalverma25/KVCardSelectionVC,1.0.0,82bd4debfffde6b956262ae02773e8e201ca0e45,1480415410,null,onevcat/Kingfisher,3.2.1,2a3a55183aea053642ccc7ef317b5252e62ce8a4,1479090676,afnetworking/afnetworking,cocoapods,latest,CVE-2015-3996,MEDIUM,1
2,HaloWang/FangYuan,0.1.8,fab3e61c1688fd6cdf18b575574e746832fbd919,1524734698,null,onevcat/Kingfisher,4.7.0,bcb5d7dc1c42beede49ec53e80bfcb65b3e3f472,1522943432,afnetworking/afnetworking,cocoapods,latest,CVE-2015-3996,MEDIUM,1
2,horitaku46/Serrata,1.0.10,1b4900a0ab26e9930cf66f4790ba5dc5c2aefaca,1523073863,null,onevcat/Kingfisher,4.7.0,bcb5d7dc1c42beede49ec53e80bfcb65b3e3f472,1522943432,afnetworking/afnetworking,carthage,latest,CVE-2015-3996,MEDIUM,1
2,sonbt91/BaseMVVM,1.1.0,03d63aa86ef94105b493f13593a4ef5363263ab5,1542680195,null,onevcat/Kingfisher,4.10.1,8b7ab6fb3d10c6d492c5a334dbb344607439a17c,1541256389,afnetworking/afnetworking,cocoapods,latest,CVE-2015-3996,MEDIUM,1
2,sanchew/SLCycleImageView,1.1.0,0827a8e747ada093603042b52ab6c2eaa1374f4d,1541736712,null,onevcat/Kingfisher,4.10.1,8b7ab6fb3d10c6d492c5a334dbb344607439a17c,1541256389,afnetworking/afnetworking,cocoapods,latest,CVE-2015-3996,MEDIUM,1
3,netcosports/Dioptra,5.1.15,4029055d27afcc2c998ed270b141f6c08fc7bb10,1626885900,null,netcosports/Dioptra,5.1.15,4029055d27afcc2c998ed270b141f6c08fc7bb10,1626885900,afnetworking/afnetworking,cocoapods,latest,CVE-2015-3996,MEDIUM,1
4,netcosports/Dioptra,5.1.15,4029055d27afcc2c998ed270b141f6c08fc7bb10,1626885900,null,netcosports/Dioptra,5.1.15,4029055d27afcc2c998ed270b141f6c08fc7bb10,1626885900,afnetworking/afnetworking,cocoapods,latest,CVE-2015-3996,MEDIUM,1
5,netcosports/Dioptra,5.1.15,4029055d27afcc2c998ed270b141f6c08fc7bb10,1626885900,null,netcosports/Dioptra,5.1.15,4029055d27afcc2c998ed270b141f6c08fc7bb10,1626885900,afnetworking/afnetworking,cocoapods,latest,CVE-2015-3996,MEDIUM,1
6,netcosports/Dioptra,5.1.15,4029055d27afcc2c998ed270b141f6c08fc7bb10,1626885900,null,netcosports/Dioptra,5.1.15,4029055d27afcc2c998ed270b141f6c08fc7bb10,1626885900,afnetworking/afnetworking,cocoapods,latest,CVE-2015-3996,MEDIUM,1
7,netcosports/Dioptra,5.1.15,4029055d27afcc2c998ed270b141f6c08fc7bb10,1626885900,null,netcosports/Dioptra,5.1.15,4029055d27afcc2c998ed270b141f6c08fc7bb10,1626885900,afnetworking/afnetworking,cocoapods,latest,CVE-2015-3996,MEDIUM,1
3,fankfank/FankNetwork,0.0.16,df0f0f121059fd6dc07fee89e9c2eadc441d3f0e,1555876190,null,fankfank/FankMine,0.0.23,d7494377f257dd6a385d751fa6055945d741bd31,1555873521,afnetworking/afnetworking,cocoapods,latest,CVE-2015-3996,MEDIUM,1
3,mrackwitz/MRProgress,0.8.3,acc4c848d78021e154736a5570efe7c57b15e70e,1451416238,null,mrackwitz/MRProgress,0.8.2,55498d24a9126a5a13e447465930d1bf58cd00aa,1431446811,afnetworking/afnetworking,cocoapods,latest,CVE-2015-3996,MEDIUM,1
0,ObjectiveHAL/ObjectiveHAL,1.2.4,b3db5908133423043d9098a072288f2c59340816,1394490807,null,AFNetworking/AFNetworking,1.3.3,9fd6fea0664627a45927475be2dedd3aaf7ddfb3,1380232203,afnetworking/afnetworking,cocoapods,latest,CVE-2015-3996,MEDIUM,1
0,burczyk/AFAbstractRESTClient,1.0,70197d26ead22d4292be8da1207d8b3a53ab4899,1367753497,null,AFNetworking/AFNetworking,1.2.1,215a32e23c0d605983779d12d5026ced5cc2bf28,1366264073,afnetworking/afnetworking,cocoapods,latest,CVE-2015-3996,MEDIUM,1
0,ChrisXu1221/CXPhotoBrowser,1.1.1,aaf57ffd1e9b7537417e4ba3ef3a53477111aa5e,1375174994,null,AFNetworking/AFNetworking,1.2.1,215a32e23c0d605983779d12d5026ced5cc2bf28,1366264073,afnetworking/afnetworking,cocoapods,latest,CVE-2015-3996,MEDIUM,1
0,Haneke/Haneke-AFNetworking,v0.2.0,299551ee4b6d3fddaaca697810f9efdbc6019049,1411026269,null,AFNetworking/AFNetworking,2.3.1,81d54e5192b8fe22e55a1d8a96c3236687dfd912,1402688067,afnetworking/afnetworking,cocoapods,latest,CVE-2015-3996,MEDIUM,1
6,mrackwitz/MRProgress,0.8.3,acc4c848d78021e154736a5570efe7c57b15e70e,1451416238,null,mrackwitz/MRProgress,0.8.2,55498d24a9126a5a13e447465930d1bf58cd00aa,1431446811,afnetworking/afnetworking,cocoapods,latest,CVE-2015-3996,MEDIUM,1
7,mrackwitz/MRProgress,0.8.3,acc4c848d78021e154736a5570efe7c57b15e70e,1451416238,null,mrackwitz/MRProgress,0.8.2,55498d24a9126a5a13e447465930d1bf58cd00aa,1431446811,afnetworking/afnetworking,cocoapods,latest,CVE-2015-3996,MEDIUM,1
5,mrackwitz/MRProgress,0.8.3,acc4c848d78021e154736a5570efe7c57b15e70e,1451416238,null,mrackwitz/MRProgress,0.8.2,55498d24a9126a5a13e447465930d1bf58cd00aa,1431446811,afnetworking/afnetworking,cocoapods,latest,CVE-2015-3996,MEDIUM,1
0,ankor/OEGFlamingJune,0.0.1,02cb172e18b2c695f13910892c83270eb1dcc121,1355503946,null,AFNetworking/AFNetworking,1.0.1,9cde4e45845486bdb46ad322448f93df3b8479bf,1351785377,afnetworking/afnetworking,cocoapods,latest,CVE-2015-3996,MEDIUM,1
0,buh/ZipPinch,0.1.3,68b26dacd68ab01b0c9cac491e85c841d39dc16e,1419429570,null,AFNetworking/AFNetworking,1.3.4,5266874bcc79c1afa627e590f982e50f6886f25f,1397595051,afnetworking/afnetworking,cocoapods,latest,CVE-2015-3996,MEDIUM,1
1,valerius/VinylRecord,1.0.9,4df9d49db564313558f427928014f57dce121243,1445862895,null,RestKit/RestKit,v0.25.0,0e7bf231cacce427a49bdcf8a88baad84f932c57,1438927875,afnetworking/afnetworking,cocoapods,latest,CVE-2015-3996,MEDIUM,1
2,valerius/VinylRecord,1.0.9,4df9d49db564313558f427928014f57dce121243,1445862895,null,RestKit/RestKit,v0.25.0,0e7bf231cacce427a49bdcf8a88baad84f932c57,1438927875,afnetworking/afnetworking,cocoapods,latest,CVE-2015-3996,MEDIUM,1
3,valerius/VinylRecord,1.0.9,4df9d49db564313558f427928014f57dce121243,1445862895,null,RestKit/RestKit,v0.25.0,0e7bf231cacce427a49bdcf8a88baad84f932c57,1438927875,afnetworking/afnetworking,cocoapods,latest,CVE-2015-3996,MEDIUM,1
4,valerius/VinylRecord,1.0.9,4df9d49db564313558f427928014f57dce121243,1445862895,null,valerius/VinylRecord,1.0.9,4df9d49db564313558f427928014f57dce121243,1445862895,afnetworking/afnetworking,cocoapods,latest,CVE-2015-3996,MEDIUM,1
5,valerius/VinylRecord,1.0.9,4df9d49db564313558f427928014f57dce121243,1445862895,null,valerius/VinylRecord,1.0.9,4df9d49db564313558f427928014f57dce121243,1445862895,afnetworking/afnetworking,cocoapods,latest,CVE-2015-3996,MEDIUM,1
4,valerius/VinylRecord,1.0.9,4df9d49db564313558f427928014f57dce121243,1445862895,null,RestKit/RestKit,v0.25.0,0e7bf231cacce427a49bdcf8a88baad84f932c57,1438927875,afnetworking/afnetworking,cocoapods,latest,CVE-2015-3996,MEDIUM,1
6,valerius/VinylRecord,1.0.9,4df9d49db564313558f427928014f57dce121243,1445862895,null,valerius/VinylRecord,1.0.9,4df9d49db564313558f427928014f57dce121243,1445862895,afnetworking/afnetworking,cocoapods,latest,CVE-2015-3996,MEDIUM,1
3,valerius/VinylRecord,1.0.9,4df9d49db564313558f427928014f57dce121243,1445862895,null,valerius/VinylRecord,1.0.9,4df9d49db564313558f427928014f57dce121243,1445862895,afnetworking/afnetworking,cocoapods,latest,CVE-2015-3996,MEDIUM,1
2,valerius/VinylRecord,1.0.9,4df9d49db564313558f427928014f57dce121243,1445862895,null,valerius/VinylRecord,1.0.9,4df9d49db564313558f427928014f57dce121243,1445862895,afnetworking/afnetworking,cocoapods,latest,CVE-2015-3996,MEDIUM,1
4,mrklteam/commonutils,1.6.2.2,3ff9194772767e9c872c494001e88bd49ada99a7,1555400926,null,mrklteam/commonutils,1.6.2.1,a1ab814f9e2baed1725fadfc3825a7db43caaaaf,1511870780,afnetworking/afnetworking,cocoapods,latest,CVE-2015-3996,MEDIUM,1
0,stel/OCRSDKClient,0.2.1,0c8b8f2f46cbf86d5c7825d8014fcd199b5ba3e7,1373539879,null,AFNetworking/AFNetworking,1.3.0,5c7414032e1e622e81c2b9a14fed7525487f9c9d,1370134283,afnetworking/afnetworking,cocoapods,latest,CVE-2015-3996,MEDIUM,1
0,okitsutakatomo/forecast-ios-api,0.0.4,3160c28af61fac2e006b1f49bb2fb76f41794bd8,1372865793,null,AFNetworking/AFNetworking,1.3.0,5c7414032e1e622e81c2b9a14fed7525487f9c9d,1370134283,afnetworking/afnetworking,cocoapods,latest,CVE-2015-3996,MEDIUM,1
0,kaiinui/PushablePusher,v0.1.0,3e808f718d75bbef076a20c3d946fe932e1c5598,1418364105,null,AFNetworking/AFNetworking,2.5.0,8ccc3f6d6c1e7ab5062de75ad43d10dba24177e7,1416236243,afnetworking/afnetworking,cocoapods,latest,CVE-2015-3996,MEDIUM,1
0,shinyieva/SOSubtitle,0.14,6197d08319322fa993e51c16845d1ad60362b873,1422273156,null,AFNetworking/AFNetworking,2.5.0,8ccc3f6d6c1e7ab5062de75ad43d10dba24177e7,1416236243,afnetworking/afnetworking,cocoapods,latest,CVE-2015-3996,MEDIUM,1
0,mango/mango-ios,0.1.0,95f2200f254a924400dd6aa8e2ffa968042f7814,1420817852,null,AFNetworking/AFNetworking,2.5.0,8ccc3f6d6c1e7ab5062de75ad43d10dba24177e7,1416236243,afnetworking/afnetworking,cocoapods,latest,CVE-2015-3996,MEDIUM,1
0,TomLiu/zhihudailyAPI,1.0,18f23aa5a31cb72a99094dc1fdc867518fc23ca9,1400518135,null,AFNetworking/AFNetworking,1.3.1,60bd422401112537fa6d6f008d4843e83f0d35bc,1371573892,afnetworking/afnetworking,cocoapods,latest,CVE-2015-3996,MEDIUM,1
0,subdigital/AFProgressiveImageDownload,0.1,285fed52e6e4073a296eb49374d589a5a9c7effc,1372552864,null,AFNetworking/AFNetworking,1.3.1,60bd422401112537fa6d6f008d4843e83f0d35bc,1371573892,afnetworking/afnetworking,cocoapods,latest,CVE-2015-3996,MEDIUM,1
0,NextRoot/NRGramKit,1.4.1,2bb4ebd8f7c110daa511decf47198bd39288eb57,1384854184,null,AFNetworking/AFNetworking,1.3.1,60bd422401112537fa6d6f008d4843e83f0d35bc,1371573892,afnetworking/afnetworking,cocoapods,latest,CVE-2015-3996,MEDIUM,1
0,fullcontact/fullcontact-objc,1.0.1,b355bd656087228d99500b16c83a199b3a047171,1381162745,null,AFNetworking/AFNetworking,1.3.1,60bd422401112537fa6d6f008d4843e83f0d35bc,1371573892,afnetworking/afnetworking,cocoapods,latest,CVE-2015-3996,MEDIUM,1
0,nicnocquee/NPRImageView,1.0.13,98de5e2dc94603b549da5eea879ccad6d2908714,1381850352,null,AFNetworking/AFNetworking,1.3.2,4b79bd91ed3e53ca04e68314be1ecca60dc90683,1376001551,afnetworking/afnetworking,cocoapods,latest,CVE-2015-3996,MEDIUM,1
0,cogenta/CSApi,1.0,be6f67b7f02e3e022375643aa2aed4f130bef702,1382456755,null,AFNetworking/AFNetworking,1.3.2,4b79bd91ed3e53ca04e68314be1ecca60dc90683,1376001551,afnetworking/afnetworking,cocoapods,latest,CVE-2015-3996,MEDIUM,1
0,jonahgrant/fare,1.0.3,d74a21d3a8cd22abc81680e02c06b831c5b9fc97,1386570265,null,AFNetworking/AFNetworking,2.0.3,cde8f3d84dc3575a1c375866569b321820c58bbb,1384781380,afnetworking/afnetworking,cocoapods,latest,CVE-2015-3996,MEDIUM,1
0,sqwiggle/sqwiggle-ios-sdk,0.1.3,80c73dc1f185027687aa114cca6b6b00f2d7f05c,1396982808,null,AFNetworking/AFNetworking,2.0.3,cde8f3d84dc3575a1c375866569b321820c58bbb,1384781380,afnetworking/afnetworking,cocoapods,latest,CVE-2015-3996,MEDIUM,1
1,dancali/picky-ios,0.1.0,17e71f8871b0a1a253e94ccb1171385df763cd26,1396475724,null,luisobo/Nocilla,0.8.1,55f29ae758cf69c4764f93f2237978daa738f060,1390680792,afnetworking/afnetworking,cocoapods,latest,CVE-2015-3996,MEDIUM,1
1,sdl/sdl-ios-sdk,0.1.0,fa859aa037ac8feff738aeb8d08d144b19662d0e,1395776613,null,luisobo/Nocilla,0.8.1,55f29ae758cf69c4764f93f2237978daa738f060,1390680792,afnetworking/afnetworking,cocoapods,latest,CVE-2015-3996,MEDIUM,1
1,venmo/VENAppSwitchSDK,v1.3.0,add52a0b9d7f82f5e06372418368d968fade8199,1409855934,null,luisobo/Nocilla,0.8.1,55f29ae758cf69c4764f93f2237978daa738f060,1390680792,afnetworking/afnetworking,cocoapods,latest,CVE-2015-3996,MEDIUM,1
1,venmo/venmo-ios-sdk,v1.3.0,add52a0b9d7f82f5e06372418368d968fade8199,1409855934,null,luisobo/Nocilla,0.8.1,55f29ae758cf69c4764f93f2237978daa738f060,1390680792,afnetworking/afnetworking,cocoapods,latest,CVE-2015-3996,MEDIUM,1
0,vbergae/VBValenciaOpenData,1.0.1,2d66fb65f2b327aea90d3246f758e5ba47cbc7ff,1394463558,null,AFNetworking/AFNetworking,2.1.0,02d29b5b0bcd1545895e659d4789486c773caa36,1389940664,afnetworking/afnetworking,cocoapods,latest,CVE-2015-3996,MEDIUM,1
0,vbergae/OCJiraFeedback,0.4.0,829f3a96649be058dc75106a496352e2be4054a3,1423767559,null,AFNetworking/AFNetworking,2.5.1,4682b8c88ac003efaa9b2e97c05df1500a9d9a31,1423784169,afnetworking/afnetworking,cocoapods,latest,CVE-2015-3996,MEDIUM,1
0,arjunthedragon/testDragonPod,0.0.2,9021c7f330b61af2633b58e3d01d5e647995939a,1426524231,null,AFNetworking/AFNetworking,2.5.1,4682b8c88ac003efaa9b2e97c05df1500a9d9a31,1423784169,afnetworking/afnetworking,cocoapods,latest,CVE-2015-3996,MEDIUM,1
2,JxbSir/JxbFramework,1.6,fda2126553eb0b7f7eab03f9adf467126d258a04,1452776779,null,JxbSir/JxbDebugTool,3.7,9ae7d8cebdbc55f1fd3ca97bb7e7c05ce043c59c,1450687138,afnetworking/afnetworking,cocoapods,latest,CVE-2015-3996,MEDIUM,1
3,QiuZhiFei/ZFSDLProxy,0.0.3,4ba8b28b91c6b14d91d5d4a4eb61a23c452019f6,1508146224,null,QiuZhiFei/ZFSDLProxy,0.0.3,4ba8b28b91c6b14d91d5d4a4eb61a23c452019f6,1508146224,afnetworking/afnetworking,cocoapods,latest,CVE-2015-3996,MEDIUM,1
4,QiuZhiFei/ZFSDLProxy,0.0.3,4ba8b28b91c6b14d91d5d4a4eb61a23c452019f6,1508146224,null,QiuZhiFei/ZFSDLProxy,0.0.3,4ba8b28b91c6b14d91d5d4a4eb61a23c452019f6,1508146224,afnetworking/afnetworking,cocoapods,latest,CVE-2015-3996,MEDIUM,1
0,JRG-Developer/MediaRSSParser,1.0.1,decd2afe49cabf04c63314c73401b50281313a75,1402094698,null,AFNetworking/AFNetworking,2.2.4,0f7ab0e4c009ed6908e8cb46f09049029cd1b80d,1399996334,afnetworking/afnetworking,cocoapods,latest,CVE-2015-3996,MEDIUM,1
0,lemberg/d8iossdk,0.1.0,e8909e300bfbabf09a6a9382ca298782939d48fb,1401975780,null,AFNetworking/AFNetworking,2.2.4,0f7ab0e4c009ed6908e8cb46f09049029cd1b80d,1399996334,afnetworking/afnetworking,cocoapods,latest,CVE-2015-3996,MEDIUM,1
0,ideaismobile/AFXMLDictionarySerializer,0.0.1,e5e7ed8a54b2c1eb1ad4b70778a8da36460230c5,1382121157,null,AFNetworking/AFNetworking,2.0.0,4566201a0dbac8443d1e73cd81ed2702a622e9da,1380300446,afnetworking/afnetworking,cocoapods,latest,CVE-2015-3996,MEDIUM,1
0,Silverpop/mobile-connector-sdk-ios,1.1.0,8cc360a36b1acaa42fcfb94a2a09b7228586186d,1423061309,null,AFNetworking/AFNetworking,2.2.3,c66282b09855bbf8f83cb0b49df69349a07134d9,1397861136,afnetworking/afnetworking,cocoapods,latest,CVE-2015-3996,MEDIUM,1
0,Silverpop/engage-sdk-ios,1.1.0,8cc360a36b1acaa42fcfb94a2a09b7228586186d,1423061309,null,AFNetworking/AFNetworking,2.2.3,c66282b09855bbf8f83cb0b49df69349a07134d9,1397861136,afnetworking/afnetworking,cocoapods,latest,CVE-2015-3996,MEDIUM,1
0,tflack/tesla-api-objectivec,v1.1.0,ecf644eb9f462929671e819b3f1c63d8891f9607,1400085850,null,AFNetworking/AFNetworking,2.2.3,c66282b09855bbf8f83cb0b49df69349a07134d9,1397861136,afnetworking/afnetworking,cocoapods,latest,CVE-2015-3996,MEDIUM,1
0,smyrgl/RESTEasy,0.2.1,491e0586b9185b2ac8ec553387c677bdb29fa292,1398820697,null,AFNetworking/AFNetworking,2.2.3,c66282b09855bbf8f83cb0b49df69349a07134d9,1397861136,afnetworking/afnetworking,cocoapods,latest,CVE-2015-3996,MEDIUM,1
0,timsawtell/TSNetworking,0.5,e8d8f5955ad86ce72984e45fb49a46b2c009ba14,1399439678,null,AFNetworking/AFNetworking,2.2.3,c66282b09855bbf8f83cb0b49df69349a07134d9,1397861136,afnetworking/afnetworking,cocoapods,latest,CVE-2015-3996,MEDIUM,1
5,kperson/swift-lambda-tools,1.0.2,916459a3442a8ecea191d6172ab86aff6a0847d8,1615753605,null,kperson/vapor-lambda-adapter,1.0.2,8a4fbd1575dbac3d1d22f0e92b685d44d74a7c61,1610309762,apple/swift-nio,swiftpm,~>,CVE-2019-9517,HIGH,1
5,kperson/swift-lambda-tools,1.0.2,916459a3442a8ecea191d6172ab86aff6a0847d8,1615753605,null,kperson/vapor-lambda-adapter,1.0.2,8a4fbd1575dbac3d1d22f0e92b685d44d74a7c61,1610309762,apple/swift-nio,swiftpm,~>,CVE-2019-9518,HIGH,1
5,kperson/swift-lambda-tools,1.0.2,916459a3442a8ecea191d6172ab86aff6a0847d8,1615753605,null,kperson/vapor-lambda-adapter,1.0.2,8a4fbd1575dbac3d1d22f0e92b685d44d74a7c61,1610309762,apple/swift-nio,swiftpm,~>,CVE-2019-9511,HIGH,1
5,kperson/swift-lambda-tools,1.0.2,916459a3442a8ecea191d6172ab86aff6a0847d8,1615753605,null,kperson/vapor-lambda-adapter,1.0.2,8a4fbd1575dbac3d1d22f0e92b685d44d74a7c61,1610309762,apple/swift-nio,swiftpm,~>,CVE-2019-9513,HIGH,1
5,kperson/swift-lambda-tools,1.0.2,916459a3442a8ecea191d6172ab86aff6a0847d8,1615753605,null,kperson/vapor-lambda-adapter,1.0.2,8a4fbd1575dbac3d1d22f0e92b685d44d74a7c61,1610309762,apple/swift-nio,swiftpm,~>,CVE-2019-9516,MEDIUM,1
5,kperson/swift-lambda-tools,1.0.2,916459a3442a8ecea191d6172ab86aff6a0847d8,1615753605,null,kperson/vapor-lambda-adapter,1.0.2,8a4fbd1575dbac3d1d22f0e92b685d44d74a7c61,1610309762,apple/swift-nio,swiftpm,~>,CVE-2019-9514,HIGH,1
5,kperson/swift-lambda-tools,1.0.2,916459a3442a8ecea191d6172ab86aff6a0847d8,1615753605,null,kperson/vapor-lambda-adapter,1.0.2,8a4fbd1575dbac3d1d22f0e92b685d44d74a7c61,1610309762,apple/swift-nio,swiftpm,~>,CVE-2019-9512,HIGH,1
5,kperson/swift-lambda-tools,1.0.2,916459a3442a8ecea191d6172ab86aff6a0847d8,1615753605,null,kperson/vapor-lambda-adapter,1.0.2,8a4fbd1575dbac3d1d22f0e92b685d44d74a7c61,1610309762,apple/swift-nio,swiftpm,~>,CVE-2019-9515,HIGH,1
5,kperson/swift-lambda-tools,1.0.2,916459a3442a8ecea191d6172ab86aff6a0847d8,1615753605,null,kperson/vapor-lambda-adapter,1.0.2,8a4fbd1575dbac3d1d22f0e92b685d44d74a7c61,1610309762,apple/swift-nio,swiftpm,~>,CVE-2018-4281,CRITICAL,1
0,danielrhodes/Swift-ActionCableClient,v0.2.3,94a6567734316024c469032862df68165a5e890f,1479596722,null,daltoniam/Starscream,2.0.1,1b64f785425adbb66e33488c6080f0f96b000d58,1477532490,daltoniam/starscream,carthage,latest,CVE-2017-5887,HIGH,2
0,bigbang/bigbang-client-swift,0.0.2,60488bddb1dc6717b9b42a4a149d6e683d344d51,1443378359,null,daltoniam/Starscream,1.0.0,c8201ec71cd59b32cb0d950ef89caee44d07334c,1442598021,daltoniam/starscream,cocoapods,latest,CVE-2017-5887,HIGH,1
0,thomaspaulmann/ios-sdk,v0.3.0,bef623ddc57b1f08898f8752ea8031234098eb65,1463869318,null,daltoniam/Starscream,1.1.3,bf0146db269249d200bb3bc4185cb5724cfa2ae8,1459452330,daltoniam/starscream,carthage,~>,CVE-2017-5887,HIGH,1
0,jpatel531/pusher-websocket-swift,0.3.0,3ab23c8535dec09e759d289708fd57dde140a098,1459515905,null,daltoniam/Starscream,1.1.3,bf0146db269249d200bb3bc4185cb5724cfa2ae8,1459452330,daltoniam/starscream,cocoapods,latest,CVE-2017-5887,HIGH,1
0,almassapargali/PhoenixWebSocket,0.6.0,99643f59afd0539b6310cd94d46ed8152f96790b,1474453887,null,daltoniam/Starscream,2.0.0,d831901ff41005a3b4862b93786bbd5df3ea8140,1474234532,daltoniam/starscream,carthage,~>,CVE-2017-5887,HIGH,1
0,ShengHuaWu/StompClient,0.2.7,b44f8a5b4f07d6a1c1e0a930a7d8c4163718427a,1486872833,null,daltoniam/Starscream,2.0.3,13859364e33368687a5ee0c9cc0d5782e4212b66,1486153531,daltoniam/starscream,carthage,>=,CVE-2017-5887,HIGH,1
0,RobotsAndPencils/SlackKit,0.9.6,2ce1a3edde3581b10386e8e3811d5f5f075a90cd,1451841291,null,daltoniam/Starscream,1.0.2,e10942bc23208a9ebd389e3c253c6e1bc7e084b4,1446746985,daltoniam/starscream,cocoapods,latest,CVE-2017-5887,HIGH,1
0,bigbang/bigbang-client-swift,0.0.2,60488bddb1dc6717b9b42a4a149d6e683d344d51,1443378359,null,daltoniam/Starscream,1.0.0,c8201ec71cd59b32cb0d950ef89caee44d07334c,1442598021,daltoniam/starscream,cocoapods,latest,CVE-2017-7192,HIGH,1
0,thomaspaulmann/ios-sdk,v0.3.0,bef623ddc57b1f08898f8752ea8031234098eb65,1463869318,null,daltoniam/Starscream,1.1.3,bf0146db269249d200bb3bc4185cb5724cfa2ae8,1459452330,daltoniam/starscream,carthage,~>,CVE-2017-7192,HIGH,1
0,jpatel531/pusher-websocket-swift,0.3.0,3ab23c8535dec09e759d289708fd57dde140a098,1459515905,null,daltoniam/Starscream,1.1.3,bf0146db269249d200bb3bc4185cb5724cfa2ae8,1459452330,daltoniam/starscream,cocoapods,latest,CVE-2017-7192,HIGH,1
0,RobotsAndPencils/SlackKit,0.9.6,2ce1a3edde3581b10386e8e3811d5f5f075a90cd,1451841291,null,daltoniam/Starscream,1.0.2,e10942bc23208a9ebd389e3c253c6e1bc7e084b4,1446746985,daltoniam/starscream,cocoapods,latest,CVE-2017-7192,HIGH,1
0,almassapargali/PhoenixWebSocket,0.6.0,99643f59afd0539b6310cd94d46ed8152f96790b,1474453887,null,daltoniam/Starscream,2.0.0,d831901ff41005a3b4862b93786bbd5df3ea8140,1474234532,daltoniam/starscream,carthage,~>,CVE-2017-7192,HIGH,1
0,ShengHuaWu/StompClient,0.2.7,b44f8a5b4f07d6a1c1e0a930a7d8c4163718427a,1486872833,null,daltoniam/Starscream,2.0.3,13859364e33368687a5ee0c9cc0d5782e4212b66,1486153531,daltoniam/starscream,carthage,>=,CVE-2017-7192,HIGH,1
0,danielrhodes/Swift-ActionCableClient,v0.2.3,94a6567734316024c469032862df68165a5e890f,1479596722,null,daltoniam/Starscream,2.0.1,1b64f785425adbb66e33488c6080f0f96b000d58,1477532490,daltoniam/starscream,carthage,latest,CVE-2017-7192,HIGH,2
0,FluuxIO/XMPP,v0.0.3,4022bf6b94d5ff9eaa73aa832a7f5b21504f45b3,1543758199,null,apple/swift-nio-ssl,1.3.2,db16c3a90b101bb53b26a58867a344ad428072e0,1538744901,apple/swift-nio-ssl,swiftpm,>=,CVE-2019-8849,CRITICAL,1